model_version,case,outcome,sum_net_wei,expected_sum_net_wei,deviation_wei
stake-vote-econ-v2.0.0,0,wrong,0,0,0
stake-vote-econ-v2.0.0,1,wrong,0,0,0
stake-vote-econ-v2.0.0,2,wrong,0,0,0
stake-vote-econ-v2.0.0,3,wrong,-1,-1,0
stake-vote-econ-v2.0.0,4,wrong,0,0,0
stake-vote-econ-v2.0.0,5,correct,0,0,0
stake-vote-econ-v2.0.0,6,wrong,-3,-3,0
stake-vote-econ-v2.0.0,7,correct,0,0,0
stake-vote-econ-v2.0.0,8,void,0,0,0
stake-vote-econ-v2.0.0,9,void,0,0,0
stake-vote-econ-v2.0.0,10,correct,0,0,0
stake-vote-econ-v2.0.0,11,void,0,0,0
stake-vote-econ-v2.0.0,12,wrong,-3,-3,0
stake-vote-econ-v2.0.0,13,void,0,0,0
stake-vote-econ-v2.0.0,14,correct,-3,-3,0
stake-vote-econ-v2.0.0,15,void,0,0,0
stake-vote-econ-v2.0.0,16,wrong,0,0,0
stake-vote-econ-v2.0.0,17,void,0,0,0
stake-vote-econ-v2.0.0,18,correct,0,0,0
stake-vote-econ-v2.0.0,19,wrong,0,0,0
stake-vote-econ-v2.0.0,20,void,0,0,0
stake-vote-econ-v2.0.0,21,correct,-10,-10,0
stake-vote-econ-v2.0.0,22,wrong,0,0,0
stake-vote-econ-v2.0.0,23,correct,0,0,0
stake-vote-econ-v2.0.0,24,wrong,-8,-8,0
stake-vote-econ-v2.0.0,25,wrong,-1,-1,0
stake-vote-econ-v2.0.0,26,void,0,0,0
stake-vote-econ-v2.0.0,27,void,0,0,0
stake-vote-econ-v2.0.0,28,void,0,0,0
stake-vote-econ-v2.0.0,29,void,0,0,0
stake-vote-econ-v2.0.0,30,wrong,-1,-1,0
stake-vote-econ-v2.0.0,31,correct,0,0,0
stake-vote-econ-v2.0.0,32,wrong,0,0,0
stake-vote-econ-v2.0.0,33,void,0,0,0
stake-vote-econ-v2.0.0,34,void,0,0,0
stake-vote-econ-v2.0.0,35,wrong,0,0,0
stake-vote-econ-v2.0.0,36,wrong,0,0,0
stake-vote-econ-v2.0.0,37,correct,0,0,0
stake-vote-econ-v2.0.0,38,void,0,0,0
stake-vote-econ-v2.0.0,39,void,0,0,0
stake-vote-econ-v2.0.0,40,wrong,0,0,0
stake-vote-econ-v2.0.0,41,correct,0,0,0
stake-vote-econ-v2.0.0,42,correct,0,0,0
stake-vote-econ-v2.0.0,43,correct,0,0,0
stake-vote-econ-v2.0.0,44,correct,0,0,0
stake-vote-econ-v2.0.0,45,void,0,0,0
stake-vote-econ-v2.0.0,46,correct,0,0,0
stake-vote-econ-v2.0.0,47,void,0,0,0
stake-vote-econ-v2.0.0,48,void,0,0,0
stake-vote-econ-v2.0.0,49,void,0,0,0
stake-vote-econ-v2.0.0,50,wrong,-4,-4,0
stake-vote-econ-v2.0.0,51,correct,0,0,0
stake-vote-econ-v2.0.0,52,correct,-6,-6,0
stake-vote-econ-v2.0.0,53,void,0,0,0
stake-vote-econ-v2.0.0,54,wrong,-1,-1,0
stake-vote-econ-v2.0.0,55,wrong,-4,-4,0
stake-vote-econ-v2.0.0,56,wrong,0,0,0
stake-vote-econ-v2.0.0,57,correct,0,0,0
stake-vote-econ-v2.0.0,58,wrong,-2,-2,0
stake-vote-econ-v2.0.0,59,correct,0,0,0
stake-vote-econ-v2.0.0,60,wrong,0,0,0
stake-vote-econ-v2.0.0,61,void,0,0,0
stake-vote-econ-v2.0.0,62,void,0,0,0
stake-vote-econ-v2.0.0,63,void,0,0,0
stake-vote-econ-v2.0.0,64,correct,-2,-2,0
stake-vote-econ-v2.0.0,65,wrong,0,0,0
stake-vote-econ-v2.0.0,66,wrong,-4,-4,0
stake-vote-econ-v2.0.0,67,wrong,0,0,0
stake-vote-econ-v2.0.0,68,void,0,0,0
stake-vote-econ-v2.0.0,69,correct,0,0,0
stake-vote-econ-v2.0.0,70,wrong,0,0,0
stake-vote-econ-v2.0.0,71,void,0,0,0
stake-vote-econ-v2.0.0,72,wrong,0,0,0
stake-vote-econ-v2.0.0,73,correct,0,0,0
stake-vote-econ-v2.0.0,74,void,0,0,0
stake-vote-econ-v2.0.0,75,void,0,0,0
stake-vote-econ-v2.0.0,76,wrong,-2,-2,0
stake-vote-econ-v2.0.0,77,void,0,0,0
stake-vote-econ-v2.0.0,78,wrong,0,0,0
stake-vote-econ-v2.0.0,79,void,0,0,0
stake-vote-econ-v2.0.0,80,wrong,0,0,0
stake-vote-econ-v2.0.0,81,correct,0,0,0
stake-vote-econ-v2.0.0,82,wrong,-3,-3,0
stake-vote-econ-v2.0.0,83,correct,-3,-3,0
stake-vote-econ-v2.0.0,84,correct,0,0,0
stake-vote-econ-v2.0.0,85,correct,0,0,0
stake-vote-econ-v2.0.0,86,correct,0,0,0
stake-vote-econ-v2.0.0,87,correct,0,0,0
stake-vote-econ-v2.0.0,88,wrong,-1,-1,0
stake-vote-econ-v2.0.0,89,correct,0,0,0
stake-vote-econ-v2.0.0,90,void,0,0,0
stake-vote-econ-v2.0.0,91,void,0,0,0
stake-vote-econ-v2.0.0,92,correct,0,0,0
stake-vote-econ-v2.0.0,93,wrong,0,0,0
stake-vote-econ-v2.0.0,94,wrong,0,0,0
stake-vote-econ-v2.0.0,95,correct,0,0,0
stake-vote-econ-v2.0.0,96,wrong,0,0,0
stake-vote-econ-v2.0.0,97,correct,-4,-4,0
stake-vote-econ-v2.0.0,98,correct,0,0,0
stake-vote-econ-v2.0.0,99,wrong,0,0,0
stake-vote-econ-v2.0.0,100,correct,-4,-4,0
stake-vote-econ-v2.0.0,101,void,0,0,0
stake-vote-econ-v2.0.0,102,void,0,0,0
stake-vote-econ-v2.0.0,103,void,0,0,0
stake-vote-econ-v2.0.0,104,correct,0,0,0
stake-vote-econ-v2.0.0,105,correct,-4,-4,0
stake-vote-econ-v2.0.0,106,wrong,-4,-4,0
stake-vote-econ-v2.0.0,107,wrong,0,0,0
stake-vote-econ-v2.0.0,108,void,0,0,0
stake-vote-econ-v2.0.0,109,correct,0,0,0
stake-vote-econ-v2.0.0,110,wrong,0,0,0
stake-vote-econ-v2.0.0,111,void,0,0,0
stake-vote-econ-v2.0.0,112,correct,0,0,0
stake-vote-econ-v2.0.0,113,correct,0,0,0
stake-vote-econ-v2.0.0,114,wrong,0,0,0
stake-vote-econ-v2.0.0,115,void,0,0,0
stake-vote-econ-v2.0.0,116,correct,0,0,0
stake-vote-econ-v2.0.0,117,void,0,0,0
stake-vote-econ-v2.0.0,118,wrong,0,0,0
stake-vote-econ-v2.0.0,119,correct,0,0,0
stake-vote-econ-v2.0.0,120,correct,0,0,0
stake-vote-econ-v2.0.0,121,void,0,0,0
stake-vote-econ-v2.0.0,122,void,0,0,0
stake-vote-econ-v2.0.0,123,correct,0,0,0
stake-vote-econ-v2.0.0,124,void,0,0,0
stake-vote-econ-v2.0.0,125,wrong,0,0,0
stake-vote-econ-v2.0.0,126,correct,0,0,0
stake-vote-econ-v2.0.0,127,correct,0,0,0
stake-vote-econ-v2.0.0,128,correct,0,0,0
stake-vote-econ-v2.0.0,129,correct,-5,-5,0
stake-vote-econ-v2.0.0,130,void,0,0,0
stake-vote-econ-v2.0.0,131,wrong,0,0,0
stake-vote-econ-v2.0.0,132,correct,0,0,0
stake-vote-econ-v2.0.0,133,void,0,0,0
stake-vote-econ-v2.0.0,134,void,0,0,0
stake-vote-econ-v2.0.0,135,correct,-4,-4,0
stake-vote-econ-v2.0.0,136,void,0,0,0
stake-vote-econ-v2.0.0,137,void,0,0,0
stake-vote-econ-v2.0.0,138,void,0,0,0
stake-vote-econ-v2.0.0,139,correct,0,0,0
stake-vote-econ-v2.0.0,140,void,0,0,0
stake-vote-econ-v2.0.0,141,correct,0,0,0
stake-vote-econ-v2.0.0,142,void,0,0,0
stake-vote-econ-v2.0.0,143,void,0,0,0
stake-vote-econ-v2.0.0,144,void,0,0,0
stake-vote-econ-v2.0.0,145,correct,-1,-1,0
stake-vote-econ-v2.0.0,146,correct,0,0,0
stake-vote-econ-v2.0.0,147,wrong,-4,-4,0
stake-vote-econ-v2.0.0,148,wrong,0,0,0
stake-vote-econ-v2.0.0,149,void,0,0,0
stake-vote-econ-v2.0.0,150,void,0,0,0
stake-vote-econ-v2.0.0,151,wrong,0,0,0
stake-vote-econ-v2.0.0,152,correct,0,0,0
stake-vote-econ-v2.0.0,153,wrong,0,0,0
stake-vote-econ-v2.0.0,154,wrong,-2,-2,0
stake-vote-econ-v2.0.0,155,wrong,0,0,0
stake-vote-econ-v2.0.0,156,void,0,0,0
stake-vote-econ-v2.0.0,157,void,0,0,0
stake-vote-econ-v2.0.0,158,wrong,0,0,0
stake-vote-econ-v2.0.0,159,wrong,-1,-1,0
stake-vote-econ-v2.0.0,160,correct,0,0,0
stake-vote-econ-v2.0.0,161,void,0,0,0
stake-vote-econ-v2.0.0,162,wrong,0,0,0
stake-vote-econ-v2.0.0,163,wrong,0,0,0
stake-vote-econ-v2.0.0,164,void,0,0,0
stake-vote-econ-v2.0.0,165,void,0,0,0
stake-vote-econ-v2.0.0,166,correct,-4,-4,0
stake-vote-econ-v2.0.0,167,void,0,0,0
stake-vote-econ-v2.0.0,168,correct,0,0,0
stake-vote-econ-v2.0.0,169,wrong,0,0,0
stake-vote-econ-v2.0.0,170,wrong,0,0,0
stake-vote-econ-v2.0.0,171,correct,0,0,0
stake-vote-econ-v2.0.0,172,wrong,0,0,0
stake-vote-econ-v2.0.0,173,correct,0,0,0
stake-vote-econ-v2.0.0,174,correct,0,0,0
stake-vote-econ-v2.0.0,175,correct,0,0,0
stake-vote-econ-v2.0.0,176,correct,0,0,0
stake-vote-econ-v2.0.0,177,wrong,-4,-4,0
stake-vote-econ-v2.0.0,178,void,0,0,0
stake-vote-econ-v2.0.0,179,correct,-1,-1,0
stake-vote-econ-v2.0.0,180,correct,0,0,0
stake-vote-econ-v2.0.0,181,void,0,0,0
stake-vote-econ-v2.0.0,182,void,0,0,0
stake-vote-econ-v2.0.0,183,void,0,0,0
stake-vote-econ-v2.0.0,184,correct,0,0,0
stake-vote-econ-v2.0.0,185,void,0,0,0
stake-vote-econ-v2.0.0,186,wrong,0,0,0
stake-vote-econ-v2.0.0,187,wrong,0,0,0
stake-vote-econ-v2.0.0,188,correct,0,0,0
stake-vote-econ-v2.0.0,189,void,0,0,0
stake-vote-econ-v2.0.0,190,wrong,0,0,0
stake-vote-econ-v2.0.0,191,void,0,0,0
stake-vote-econ-v2.0.0,192,wrong,0,0,0
stake-vote-econ-v2.0.0,193,correct,0,0,0
stake-vote-econ-v2.0.0,194,void,0,0,0
stake-vote-econ-v2.0.0,195,wrong,0,0,0
stake-vote-econ-v2.0.0,196,correct,0,0,0
stake-vote-econ-v2.0.0,197,void,0,0,0
stake-vote-econ-v2.0.0,198,wrong,0,0,0
stake-vote-econ-v2.0.0,199,void,0,0,0
stake-vote-econ-v2.0.0,200,wrong,0,0,0
stake-vote-econ-v2.0.0,201,void,0,0,0
stake-vote-econ-v2.0.0,202,void,0,0,0
stake-vote-econ-v2.0.0,203,correct,0,0,0
stake-vote-econ-v2.0.0,204,wrong,0,0,0
stake-vote-econ-v2.0.0,205,void,0,0,0
stake-vote-econ-v2.0.0,206,void,0,0,0
stake-vote-econ-v2.0.0,207,correct,0,0,0
stake-vote-econ-v2.0.0,208,correct,0,0,0
stake-vote-econ-v2.0.0,209,correct,0,0,0
stake-vote-econ-v2.0.0,210,void,0,0,0
stake-vote-econ-v2.0.0,211,wrong,0,0,0
stake-vote-econ-v2.0.0,212,correct,0,0,0
stake-vote-econ-v2.0.0,213,wrong,0,0,0
stake-vote-econ-v2.0.0,214,wrong,0,0,0
stake-vote-econ-v2.0.0,215,correct,0,0,0
stake-vote-econ-v2.0.0,216,wrong,0,0,0
stake-vote-econ-v2.0.0,217,correct,0,0,0
stake-vote-econ-v2.0.0,218,wrong,0,0,0
stake-vote-econ-v2.0.0,219,void,0,0,0
stake-vote-econ-v2.0.0,220,wrong,0,0,0
stake-vote-econ-v2.0.0,221,void,0,0,0
stake-vote-econ-v2.0.0,222,void,0,0,0
stake-vote-econ-v2.0.0,223,void,0,0,0
stake-vote-econ-v2.0.0,224,wrong,0,0,0
stake-vote-econ-v2.0.0,225,void,0,0,0
stake-vote-econ-v2.0.0,226,void,0,0,0
stake-vote-econ-v2.0.0,227,correct,-2,-2,0
stake-vote-econ-v2.0.0,228,correct,-2,-2,0
stake-vote-econ-v2.0.0,229,correct,0,0,0
stake-vote-econ-v2.0.0,230,wrong,0,0,0
stake-vote-econ-v2.0.0,231,wrong,0,0,0
stake-vote-econ-v2.0.0,232,wrong,0,0,0
stake-vote-econ-v2.0.0,233,void,0,0,0
stake-vote-econ-v2.0.0,234,void,0,0,0
stake-vote-econ-v2.0.0,235,wrong,0,0,0
stake-vote-econ-v2.0.0,236,wrong,0,0,0
stake-vote-econ-v2.0.0,237,void,0,0,0
stake-vote-econ-v2.0.0,238,correct,0,0,0
stake-vote-econ-v2.0.0,239,wrong,0,0,0
stake-vote-econ-v2.0.0,240,correct,-4,-4,0
stake-vote-econ-v2.0.0,241,correct,0,0,0
stake-vote-econ-v2.0.0,242,correct,0,0,0
stake-vote-econ-v2.0.0,243,correct,-1,-1,0
stake-vote-econ-v2.0.0,244,void,0,0,0
stake-vote-econ-v2.0.0,245,void,0,0,0
stake-vote-econ-v2.0.0,246,correct,0,0,0
stake-vote-econ-v2.0.0,247,correct,-8,-8,0
stake-vote-econ-v2.0.0,248,void,0,0,0
stake-vote-econ-v2.0.0,249,correct,0,0,0
stake-vote-econ-v2.0.0,250,correct,0,0,0
stake-vote-econ-v2.0.0,251,void,0,0,0
stake-vote-econ-v2.0.0,252,wrong,-8,-8,0
stake-vote-econ-v2.0.0,253,void,0,0,0
stake-vote-econ-v2.0.0,254,wrong,0,0,0
stake-vote-econ-v2.0.0,255,void,0,0,0
stake-vote-econ-v2.0.0,256,correct,0,0,0
stake-vote-econ-v2.0.0,257,void,0,0,0
stake-vote-econ-v2.0.0,258,correct,0,0,0
stake-vote-econ-v2.0.0,259,correct,0,0,0
stake-vote-econ-v2.0.0,260,void,0,0,0
stake-vote-econ-v2.0.0,261,wrong,0,0,0
stake-vote-econ-v2.0.0,262,wrong,0,0,0
stake-vote-econ-v2.0.0,263,correct,0,0,0
stake-vote-econ-v2.0.0,264,correct,0,0,0
stake-vote-econ-v2.0.0,265,void,0,0,0
stake-vote-econ-v2.0.0,266,void,0,0,0
stake-vote-econ-v2.0.0,267,void,0,0,0
stake-vote-econ-v2.0.0,268,wrong,0,0,0
stake-vote-econ-v2.0.0,269,wrong,-1,-1,0
stake-vote-econ-v2.0.0,270,void,0,0,0
stake-vote-econ-v2.0.0,271,void,0,0,0
stake-vote-econ-v2.0.0,272,void,0,0,0
stake-vote-econ-v2.0.0,273,void,0,0,0
stake-vote-econ-v2.0.0,274,void,0,0,0
stake-vote-econ-v2.0.0,275,wrong,0,0,0
stake-vote-econ-v2.0.0,276,correct,0,0,0
stake-vote-econ-v2.0.0,277,correct,0,0,0
stake-vote-econ-v2.0.0,278,wrong,0,0,0
stake-vote-econ-v2.0.0,279,wrong,0,0,0
stake-vote-econ-v2.0.0,280,correct,0,0,0
stake-vote-econ-v2.0.0,281,correct,0,0,0
stake-vote-econ-v2.0.0,282,void,0,0,0
stake-vote-econ-v2.0.0,283,wrong,0,0,0
stake-vote-econ-v2.0.0,284,void,0,0,0
stake-vote-econ-v2.0.0,285,void,0,0,0
stake-vote-econ-v2.0.0,286,correct,0,0,0
stake-vote-econ-v2.0.0,287,correct,0,0,0
stake-vote-econ-v2.0.0,288,void,0,0,0
stake-vote-econ-v2.0.0,289,correct,0,0,0
stake-vote-econ-v2.0.0,290,wrong,0,0,0
stake-vote-econ-v2.0.0,291,wrong,0,0,0
stake-vote-econ-v2.0.0,292,correct,0,0,0
stake-vote-econ-v2.0.0,293,correct,0,0,0
stake-vote-econ-v2.0.0,294,correct,0,0,0
stake-vote-econ-v2.0.0,295,void,0,0,0
stake-vote-econ-v2.0.0,296,correct,0,0,0
stake-vote-econ-v2.0.0,297,void,0,0,0
stake-vote-econ-v2.0.0,298,wrong,0,0,0
stake-vote-econ-v2.0.0,299,correct,0,0,0
stake-vote-econ-v2.0.0,300,correct,0,0,0
stake-vote-econ-v2.0.0,301,void,0,0,0
stake-vote-econ-v2.0.0,302,correct,0,0,0
stake-vote-econ-v2.0.0,303,wrong,-5,-5,0
stake-vote-econ-v2.0.0,304,void,0,0,0
stake-vote-econ-v2.0.0,305,wrong,0,0,0
stake-vote-econ-v2.0.0,306,void,0,0,0
stake-vote-econ-v2.0.0,307,void,0,0,0
stake-vote-econ-v2.0.0,308,correct,0,0,0
stake-vote-econ-v2.0.0,309,correct,0,0,0
stake-vote-econ-v2.0.0,310,wrong,-13,-13,0
stake-vote-econ-v2.0.0,311,wrong,0,0,0
stake-vote-econ-v2.0.0,312,wrong,0,0,0
stake-vote-econ-v2.0.0,313,void,0,0,0
stake-vote-econ-v2.0.0,314,correct,0,0,0
stake-vote-econ-v2.0.0,315,correct,0,0,0
stake-vote-econ-v2.0.0,316,void,0,0,0
stake-vote-econ-v2.0.0,317,void,0,0,0
stake-vote-econ-v2.0.0,318,wrong,0,0,0
stake-vote-econ-v2.0.0,319,wrong,0,0,0
stake-vote-econ-v2.0.0,320,correct,-2,-2,0
stake-vote-econ-v2.0.0,321,correct,0,0,0
stake-vote-econ-v2.0.0,322,correct,0,0,0
stake-vote-econ-v2.0.0,323,wrong,0,0,0
stake-vote-econ-v2.0.0,324,correct,0,0,0
stake-vote-econ-v2.0.0,325,void,0,0,0
stake-vote-econ-v2.0.0,326,wrong,0,0,0
stake-vote-econ-v2.0.0,327,void,0,0,0
stake-vote-econ-v2.0.0,328,void,0,0,0
stake-vote-econ-v2.0.0,329,void,0,0,0
stake-vote-econ-v2.0.0,330,wrong,0,0,0
stake-vote-econ-v2.0.0,331,wrong,0,0,0
stake-vote-econ-v2.0.0,332,wrong,-4,-4,0
stake-vote-econ-v2.0.0,333,wrong,0,0,0
stake-vote-econ-v2.0.0,334,correct,0,0,0
stake-vote-econ-v2.0.0,335,wrong,0,0,0
stake-vote-econ-v2.0.0,336,correct,-1,-1,0
stake-vote-econ-v2.0.0,337,correct,0,0,0
stake-vote-econ-v2.0.0,338,wrong,0,0,0
stake-vote-econ-v2.0.0,339,correct,0,0,0
stake-vote-econ-v2.0.0,340,wrong,0,0,0
stake-vote-econ-v2.0.0,341,correct,0,0,0
stake-vote-econ-v2.0.0,342,wrong,0,0,0
stake-vote-econ-v2.0.0,343,void,0,0,0
stake-vote-econ-v2.0.0,344,wrong,0,0,0
stake-vote-econ-v2.0.0,345,correct,-1,-1,0
stake-vote-econ-v2.0.0,346,correct,0,0,0
stake-vote-econ-v2.0.0,347,wrong,0,0,0
stake-vote-econ-v2.0.0,348,correct,0,0,0
stake-vote-econ-v2.0.0,349,correct,-13,-13,0
stake-vote-econ-v2.0.0,350,correct,0,0,0
stake-vote-econ-v2.0.0,351,wrong,0,0,0
stake-vote-econ-v2.0.0,352,void,0,0,0
stake-vote-econ-v2.0.0,353,wrong,0,0,0
stake-vote-econ-v2.0.0,354,void,0,0,0
stake-vote-econ-v2.0.0,355,correct,0,0,0
stake-vote-econ-v2.0.0,356,void,0,0,0
stake-vote-econ-v2.0.0,357,correct,0,0,0
stake-vote-econ-v2.0.0,358,void,0,0,0
stake-vote-econ-v2.0.0,359,correct,0,0,0
stake-vote-econ-v2.0.0,360,void,0,0,0
stake-vote-econ-v2.0.0,361,void,0,0,0
stake-vote-econ-v2.0.0,362,correct,0,0,0
stake-vote-econ-v2.0.0,363,wrong,0,0,0
stake-vote-econ-v2.0.0,364,correct,0,0,0
stake-vote-econ-v2.0.0,365,correct,-4,-4,0
stake-vote-econ-v2.0.0,366,correct,0,0,0
stake-vote-econ-v2.0.0,367,void,0,0,0
stake-vote-econ-v2.0.0,368,correct,-1,-1,0
stake-vote-econ-v2.0.0,369,correct,-8,-8,0
stake-vote-econ-v2.0.0,370,correct,0,0,0
stake-vote-econ-v2.0.0,371,wrong,0,0,0
stake-vote-econ-v2.0.0,372,void,0,0,0
stake-vote-econ-v2.0.0,373,wrong,0,0,0
stake-vote-econ-v2.0.0,374,void,0,0,0
stake-vote-econ-v2.0.0,375,wrong,0,0,0
stake-vote-econ-v2.0.0,376,correct,0,0,0
stake-vote-econ-v2.0.0,377,wrong,-12,-12,0
stake-vote-econ-v2.0.0,378,void,0,0,0
stake-vote-econ-v2.0.0,379,void,0,0,0
stake-vote-econ-v2.0.0,380,wrong,0,0,0
stake-vote-econ-v2.0.0,381,void,0,0,0
stake-vote-econ-v2.0.0,382,void,0,0,0
stake-vote-econ-v2.0.0,383,wrong,0,0,0
stake-vote-econ-v2.0.0,384,void,0,0,0
stake-vote-econ-v2.0.0,385,void,0,0,0
stake-vote-econ-v2.0.0,386,void,0,0,0
stake-vote-econ-v2.0.0,387,void,0,0,0
stake-vote-econ-v2.0.0,388,wrong,0,0,0
stake-vote-econ-v2.0.0,389,wrong,0,0,0
stake-vote-econ-v2.0.0,390,wrong,0,0,0
stake-vote-econ-v2.0.0,391,wrong,0,0,0
stake-vote-econ-v2.0.0,392,void,0,0,0
stake-vote-econ-v2.0.0,393,void,0,0,0
stake-vote-econ-v2.0.0,394,wrong,0,0,0
stake-vote-econ-v2.0.0,395,correct,0,0,0
stake-vote-econ-v2.0.0,396,wrong,0,0,0
stake-vote-econ-v2.0.0,397,wrong,0,0,0
stake-vote-econ-v2.0.0,398,wrong,0,0,0
stake-vote-econ-v2.0.0,399,correct,-1,-1,0
stake-vote-econ-v2.0.0,400,wrong,0,0,0
stake-vote-econ-v2.0.0,401,void,0,0,0
stake-vote-econ-v2.0.0,402,correct,0,0,0
stake-vote-econ-v2.0.0,403,correct,0,0,0
stake-vote-econ-v2.0.0,404,correct,0,0,0
stake-vote-econ-v2.0.0,405,void,0,0,0
stake-vote-econ-v2.0.0,406,void,0,0,0
stake-vote-econ-v2.0.0,407,correct,0,0,0
stake-vote-econ-v2.0.0,408,wrong,0,0,0
stake-vote-econ-v2.0.0,409,void,0,0,0
stake-vote-econ-v2.0.0,410,void,0,0,0
stake-vote-econ-v2.0.0,411,correct,-6,-6,0
stake-vote-econ-v2.0.0,412,void,0,0,0
stake-vote-econ-v2.0.0,413,wrong,0,0,0
stake-vote-econ-v2.0.0,414,wrong,0,0,0
stake-vote-econ-v2.0.0,415,void,0,0,0
stake-vote-econ-v2.0.0,416,wrong,0,0,0
stake-vote-econ-v2.0.0,417,wrong,0,0,0
stake-vote-econ-v2.0.0,418,correct,0,0,0
stake-vote-econ-v2.0.0,419,wrong,0,0,0
stake-vote-econ-v2.0.0,420,correct,0,0,0
stake-vote-econ-v2.0.0,421,wrong,0,0,0
stake-vote-econ-v2.0.0,422,wrong,0,0,0
stake-vote-econ-v2.0.0,423,wrong,0,0,0
stake-vote-econ-v2.0.0,424,correct,-2,-2,0
stake-vote-econ-v2.0.0,425,void,0,0,0
stake-vote-econ-v2.0.0,426,void,0,0,0
stake-vote-econ-v2.0.0,427,wrong,0,0,0
stake-vote-econ-v2.0.0,428,void,0,0,0
stake-vote-econ-v2.0.0,429,void,0,0,0
stake-vote-econ-v2.0.0,430,void,0,0,0
stake-vote-econ-v2.0.0,431,wrong,-1,-1,0
stake-vote-econ-v2.0.0,432,void,0,0,0
stake-vote-econ-v2.0.0,433,wrong,0,0,0
stake-vote-econ-v2.0.0,434,void,0,0,0
stake-vote-econ-v2.0.0,435,wrong,0,0,0
stake-vote-econ-v2.0.0,436,correct,-3,-3,0
stake-vote-econ-v2.0.0,437,correct,0,0,0
stake-vote-econ-v2.0.0,438,wrong,0,0,0
stake-vote-econ-v2.0.0,439,correct,-2,-2,0
stake-vote-econ-v2.0.0,440,void,0,0,0
stake-vote-econ-v2.0.0,441,wrong,-4,-4,0
stake-vote-econ-v2.0.0,442,void,0,0,0
stake-vote-econ-v2.0.0,443,wrong,-4,-4,0
stake-vote-econ-v2.0.0,444,void,0,0,0
stake-vote-econ-v2.0.0,445,correct,-8,-8,0
stake-vote-econ-v2.0.0,446,wrong,0,0,0
stake-vote-econ-v2.0.0,447,void,0,0,0
stake-vote-econ-v2.0.0,448,wrong,-4,-4,0
stake-vote-econ-v2.0.0,449,correct,0,0,0
stake-vote-econ-v2.0.0,450,correct,0,0,0
stake-vote-econ-v2.0.0,451,wrong,0,0,0
stake-vote-econ-v2.0.0,452,correct,-4,-4,0
stake-vote-econ-v2.0.0,453,void,0,0,0
stake-vote-econ-v2.0.0,454,correct,0,0,0
stake-vote-econ-v2.0.0,455,wrong,0,0,0
stake-vote-econ-v2.0.0,456,wrong,0,0,0
stake-vote-econ-v2.0.0,457,correct,0,0,0
stake-vote-econ-v2.0.0,458,void,0,0,0
stake-vote-econ-v2.0.0,459,wrong,0,0,0
stake-vote-econ-v2.0.0,460,correct,0,0,0
stake-vote-econ-v2.0.0,461,void,0,0,0
stake-vote-econ-v2.0.0,462,void,0,0,0
stake-vote-econ-v2.0.0,463,correct,0,0,0
stake-vote-econ-v2.0.0,464,void,0,0,0
stake-vote-econ-v2.0.0,465,wrong,0,0,0
stake-vote-econ-v2.0.0,466,correct,-2,-2,0
stake-vote-econ-v2.0.0,467,void,0,0,0
stake-vote-econ-v2.0.0,468,void,0,0,0
stake-vote-econ-v2.0.0,469,void,0,0,0
stake-vote-econ-v2.0.0,470,void,0,0,0
stake-vote-econ-v2.0.0,471,wrong,0,0,0
stake-vote-econ-v2.0.0,472,wrong,0,0,0
stake-vote-econ-v2.0.0,473,correct,0,0,0
stake-vote-econ-v2.0.0,474,wrong,0,0,0
stake-vote-econ-v2.0.0,475,wrong,0,0,0
stake-vote-econ-v2.0.0,476,correct,-3,-3,0
stake-vote-econ-v2.0.0,477,void,0,0,0
stake-vote-econ-v2.0.0,478,wrong,0,0,0
stake-vote-econ-v2.0.0,479,correct,0,0,0
stake-vote-econ-v2.0.0,480,wrong,0,0,0
stake-vote-econ-v2.0.0,481,void,0,0,0
stake-vote-econ-v2.0.0,482,void,0,0,0
stake-vote-econ-v2.0.0,483,wrong,0,0,0
stake-vote-econ-v2.0.0,484,void,0,0,0
stake-vote-econ-v2.0.0,485,correct,0,0,0
stake-vote-econ-v2.0.0,486,void,0,0,0
stake-vote-econ-v2.0.0,487,wrong,0,0,0
stake-vote-econ-v2.0.0,488,correct,-2,-2,0
stake-vote-econ-v2.0.0,489,correct,-16,-16,0
stake-vote-econ-v2.0.0,490,wrong,0,0,0
stake-vote-econ-v2.0.0,491,correct,0,0,0
stake-vote-econ-v2.0.0,492,correct,0,0,0
stake-vote-econ-v2.0.0,493,correct,0,0,0
stake-vote-econ-v2.0.0,494,void,0,0,0
stake-vote-econ-v2.0.0,495,void,0,0,0
stake-vote-econ-v2.0.0,496,correct,0,0,0
stake-vote-econ-v2.0.0,497,correct,0,0,0
stake-vote-econ-v2.0.0,498,correct,0,0,0
stake-vote-econ-v2.0.0,499,void,0,0,0
